question,answer_token_f1,citation_correct,abstained
ชื่อร้านที่ใช้ในเอกสารต้องตรงกับชื่อร้านที่จดทะเบียนไว้เสมอกันไหมครับ,0.38620689655172413,0.0,0.0
ขั้นตอนการจ้างออกแบบหรือควบคุมงานก่อสร้างมีความสำคัญอย่างไร,0.035928143712574856,0.0,1.0
สัญญาก่อตั้งทรัสต์สามารถเปลี่ยนแปลงได้ไหม,0.175,0.0,0.0
สามารถมอบฉันทะให้คนอื่นได้หรือไม่ ,0.2285714285714286,0.0,0.0
สมมติว่ามีทรัพย์ที่ไม่สามารถถือเอาได้ได้จริง เช่น แสงอาทิตย์ เราสามารถนำทรัพย์ในลักษณะนี้มาทำธุรกรรมทางกฎหมายได้หรือไม่?,0.0,0.0,0.0
ลักษณะสาขาที่ถือว่าต้องยื่นแบบแสดงรายการการค้าเป็นอย่างไร?,0.0,0.0,0.0
ใครเป็นประธานกรรมการของคณะกรรมการวินิจฉัยปัญหาการจัดซื้อจัดจ้างและการบริหารพัสดุภาครัฐ,0.7246376811594203,1.0,0.0
เงินเดือนของผู้ควบคุมงานกำหนดโดยใคร?,0.07407407407407407,0.0,0.0
อายุความสิทธิเรียกร้องที่ผู้ตายมีสิทธิที่เป็นคุณหรือโทษต่อตนเองจะสิ้นสุดลงเมื่อไหร่,0.15584415584415584,0.0,0.0
บุคคลที่พบตัวในจังหวัด A จะถือว่ามีภูมิลำเนาที่จังหวัด A เสมอไปหรือไม่,0.0,0.0,0.0
สำหรับการจัดทำรายงานและการเก็บรักษาหลักฐานและเอกสารของภาษีธุรกิจเฉพาะ จะต้องปฏิบัติอย่างไร,0.0,0.0,0.0
ผู้ไถ่ทรัพย์มีหน้าที่อย่างไรในกรณีทรัพย์สินเสียหาย,0.0,0.0,0.0
อะไรคือเงื่อนไขที่ทำให้ชาวต่างชาติต้องรับผิดในกรณีร่วมทำธุรกิจกับชาวต่างชาติที่ไม่ได้รับอนุญาต?,0.0,0.0,0.0
งบประมาณรายจ่ายประเภทใดที่อนุญาตให้เบิกจ่ายภายในวันที่ 30 กันยายน พ.ศ. 2563?,0.06629834254143646,0.0,0.0
นิติบุคคลเฉพาะกิจมีสิทธิอะไรในสินทรัพย์ที่โอนมาเป็นของตน,0.12931034482758622,0.0,0.0
ถ้าผู้แทนผู้ถือหุ้นกู้กระทำการที่ก่อให้เกิดความเสียหายต่อผู้ถือหุ้นกู้ ใครสามารถฟ้องร้องได้บ้าง,0.2153846153846154,0.0,0.0
ถ้าราคาประกันที่ตกลงไว้สูงเกินไป ผู้รับประกันภัยจะต้องทำอย่างไร,0.4716981132075472,1.0,0.0
รายงานที่ผู้ทำบัญชีต้องจัดทำคืออะไร,0.0,0.0,0.0
กลต. มีอำนาจอะไรในการป้องกันความเสียหายแก่ประชาชนหรือเศรษฐกิจของประเทศ?,0.0,0.0,0.0
ฝ่ายไหนที่สามารถกำหนดเวลาให้ฝ่ายอื่นใช้สิทธิเลือกได้?,0.0,0.0,0.0
สมาชิกตลาดหลักทรัพย์ที่จัดตั้งขึ้นตามกฎหมายใดสามารถเป็นสมาชิกของตลาดหลักทรัพย์แห่งใหม่ได้?,0.5714285714285715,1.0,0.0
เจ้าหนี้สามารถดำเนินการใดได้บ้างหากลูกหนี้ไม่ชำระหนี้,0.056179775280898875,0.0,0.0
บุคคลใดที่ต้องรับผิดร่วมกับผู้กระทำละเมิดที่มีความพิการทางจิต?,0.0,0.0,0.0
เมื่อกฎหมายต่างๆที่เคยมีขัดกับประมวลกฎหมายแพ่งและพาณิชย์ ผลจะเป็นอย่างไร?,0.0,0.0,0.0
ต้องส่งมอบอะไรให้ผู้ชำระบัญชีเมื่อบริษัทเลิกกิจการ,0.0,0.0,0.0
สิทธิของผู้รับจำนองต้องเสื่อมเสียในรูปแบบใดจึงจะสามารถลบสิทธิที่ตั้งภายหลังออกจากทะเบียนได้,0.0,0.0,0.0
ให้ยกตัวอย่างหลักเกณฑ์ เงื่อนไข และวิธีการที่สำนักงานก.ล.ต.อาจประกาศกำหนดสำหรับการดำเนินการเกี่ยวกับทรัพย์สินที่รับฝาก,0.0,0.0,0.0
อะไรบ้างที่ห้ามทำในบัญชีหรือเอกสารของบริษัทตามกฎหมายว่าด้วยหลักทรัพย์และตลาดหลักทรัพย์,0.0,0.0,0.0
การคืนของที่ได้รับไว้โดยไม่มีกฎหมายรองรับไว้จำเป็นต้องคืนของชิ้นนั้นๆ หรือไม่,0.0,0.0,0.0
บุคคลที่ดูแลทรัพย์สินของบริษัททำให้ทรัพย์สินเสื่อมค่า จะมีความผิดตามกฎหมายว่าด้วยหลักทรัพย์และตลาดหลักทรัพย์อย่างไร,0.0,0.0,0.0
ในกรณีใดบ้างที่สำนักงาน ก.ล.ต. สามารถยึดทรัพย์สินบุคคลที่กระทำความผิดตามกฎหมายว่าด้วยหลักทรัพย์และตลาดหลักทรัพย์ได้เกิน 180 วัน,0.0,0.0,0.0
การกำหนดระยะเวลาให้บอกเลิกสัญญามีประโยชน์อย่างไร,0.0,0.0,0.0
ถ้ามีคนไร้ความสามารถไปทำสัญญาซื้อขายบ้าน สัญญานั้นจะมีผลทางกฎหมายอย่างไร,0.0,0.0,0.0
หนี้ในเครื่องอุปโภคบริโภคใดบ้างที่เจ้าหนี้สามารถใช้บุริมสิทธิได้,0.0,0.0,0.0
ถ้าเราถูกห้ามประกอบวิชาชีพบัญชีเป็นเวลาหนึ่งปี มีผลกระทบอะไรบ้าง,0.0,0.0,0.0
อะไรคือข้อยกเว้นที่ทำให้ สำนักงาน ก.ล.ต. ไม่สามารถออกใบอนุญาตหรือให้ความเห็นชอบได้,0.0,0.0,0.0
ถ้ามีภาษี 10 บาท ต้องเสียภาษีหรือไม่,0.0,0.0,0.0
การประกาศกฎกระทรวงตามพระราชบัญญัติวิชาชีพบัญชีต้องทำอย่างไร?,0.0,0.0,0.0
สาระสำคัญของสำนวนการไต่สวนของป.ป.ช. มีอะไรบ้าง,0.0,0.0,0.0
"ให้อธิบาย ""บอกกล่าวให้ฝ่ายนั้นชำระหนี้ภายในระยะเวลานั้น""",0.0,0.0,0.0
เด็กอายุ 17 ปี สามารถทำธุรกิจส่วนตัวได้ไหม,0.0,0.0,0.0
ผู้ขัดขวางหรือไม่อำนวยความสะดวกแก่การปฏิบัติงานของเจ้าพนักงานประเมินหรือขัดคำสั่งของเจ้าพนักงานประเมิน ถือว่ามีความผิดตามประมวลรัษฎากรหรือไม่ ,0.0,0.0,0.0
การแจ้งข้อมูลต่อ ป.ป.ช. ของเจ้าหน้าที่รัฐมีผลอย่างไร,0.0,0.0,0.0
การโอนงบประมาณรายจ่ายทำได้เมื่อใด,0.0,0.0,0.0
คณะกรรมการ ป.ป.ช. มีสิทธิปฏิเสธไม่รับพยานหลักฐานของผู้ถูกกล่าวหาที่นำส่งมาโดยผิดขั้นตอนได้หรือไม่,0.0,0.0,0.0
คณะรัฐมนตรีสามารถแต่งตั้งกรรมการผู้ทรงคุณวุฒิของคณะกรรมการนโยบายรัฐวิสาหกิจได้กี่คน?,0.0,0.0,0.0
หากเราพูดประชดว่าปลดหนี้ให้กับคนอื่น แต่อีกฝ่ายไม่รู้ถึงการประชดในใจ การปลดหนี้นั้นจะมีผลอย่างไร,0.0,0.0,0.0
ความสัมพันธ์ระหว่างนายทะเบียนหลักทรัพย์กับตลาดหลักทรัพย์เป็นอย่างไร?,0.0,0.0,0.0
เอกสารใดที่ใช้ประกอบการลงบัญชีได้,0.0,0.0,0.0
มีบทลงโทษใดบ้างสำหรับบริษัทหลักทรัพย์ที่ไม่ได้ปฏิบัติตามข้อกำหนดในการเป็นสมาชิกของตลาดหลักทรัพย์แห่งประเทศไทย,0.0,0.0,0.0
ประโยชน์ของการที่สมาคมที่เกี่ยวเนื่องกับธุรกิจหลักทรัพย์ได้รับใบอนุญาตและจดทะเบียนแล้วคืออะไร,0.0,0.0,0.0
ตัวอย่างเหตุการณ์ที่ผู้ชำระบัญชีจำเป็นต้องขออนุมัติหรือขอความเห็นชอบจากนายทะเบียน,0.0,0.0,0.0
คณะกรรมการจรรยาบรรณวิชาชีพบัญชีมีกี่คนขึ้นไปและสูงสุดกี่คน,0.0,0.0,0.0
ตามกฎถ้าหมาย ป.ป.ช. ถ้าผู้ถูกกล่าวหาไม่ได้รับแจ้งข้อกล่าวหา แล้วต้องการชี้แจง จะต้องทำอย่างไร,0.0,0.0,0.0
คณะกรรมการนโยบายทุนรัฐวิสาหกิจสามารถเรียกใครมาก็ได้หรือไม่,0.0,0.0,0.0
กองทุนสำรองเลี้ยงชีพมีวัตถุประสงค์หลักเพื่ออะไร,0.0,0.0,0.0
ถ้าผู้ไม่อยู่ได้ตั้งแต่งตัวแทนมอบอำนาจเฉพาะเรื่องมา แล้วตัวแทนจะทำเรื่องอื่นนอกเหนือจากนี้ได้หรือไม่,0.0,0.0,0.0
คำวินิจฉัยอุทธรณ์ต้องทำเป็นหนังสือหรือไม่,0.0,0.0,0.0
มาตรการใดที่จะเกิดขึ้นหลังจากมีการถอดถอนจากตำแหน่งตามกฎหมาย ป.ป.ช.,0.0,0.0,0.0
ตามกฎหมายแพ่งและพาณิชย์ กรรมการมอบอำนาจได้หรือไม่,0.0,0.0,0.0
ถ้าเป็นเพื่อนบ้านกัน จะตัดรั้วต้นไม้หรือถมคูน้ำที่ไม่ใช่ทางระบายน้ำ ได้เลยไหม?,0.0,0.0,0.0
ใครสามารถแต่งตั้งผู้รับผิดชอบการจัดซื้อจัดจ้างได้,0.0,0.0,0.0
ข้อจำกัดของสิทธิไถ่ถอนทรัพย์สินมีอะไรบ้าง,0.0,0.0,0.0
การแสดงเจตนาที่มีข้อความกำกวม อาจทำให้คำเสนอเป็นโมฆะได้หรือไม่?,0.0,0.0,0.0
งานจ้างออกแบบหรือควบคุมงานก่อสร้าง อาจกระทำได้โดยวิธีใดได้บ้างตามกฎหมาย,0.0,0.0,0.0
กรณีที่เราสั่งซื้อของตามคำพรรณนา และได้รับของไม่ตรงตามคำพรรณนา เราสามารถเรียกร้องค่าเสียหายได้หรือไม่,0.0,0.0,0.0
การชี้ขาดข้อพิพาทโดยอนุญาโตตุลาการตามกฎหมายว่าด้วยหลักทรัพย์และตลาดหลักทรัพย์มีผลอย่างไร,0.0,0.0,0.0
ผู้ชำระหนี้จะต้องรักษาทรัพย์สินด้วยความระมัดระวังอย่างไร,0.0,0.0,0.0
ในกรณีที่บทบัญญัติบางส่วนของประมวลรัษฎากรถูกยกเลิก จะมีผลกระทบอย่างไรต่อภาษีอากรที่ค้างชำระอยู่?,0.0,0.0,0.0
ในกรณีใดที่คณะกรรมการ ก.ล.ต. อาจสั่งระงับการดำเนินงานของผู้ประกอบธุรกิจสินทรัพย์ดิจิทัล,0.0,0.0,0.0
ถ้าเราเปลี่ยนข้อตกลงในสัญญาที่ไม่มีเงื่อนไขแล้วใส่เงื่อนไขเข้าไปถือว่าเป็นการเปลี่ยนแปลงสาระสำคัญของหนี้ไหม,0.0,0.0,0.0
กรรมการและผู้บริหารต้องคำนึงถึงอะไรเป็นสำคัญในการดำเนินกิจการของบริษัท,0.0,0.0,0.0
ในกรณีที่เจ้าพนักงานประเมินต้องประเมินภาษีอากรใหม่ หลังจากได้จัดการออกหมายเรียกให้ผู้ยื่นรายการนำบัญชีหรือหลักฐานอื่นมาแสดง เจ้าพนักงานประเมินต้องคำนึงถึงสิ่งใดในการประเมินอัตราการชำระใหม่,0.0,0.0,0.0
การดำเนินการโอนหลักทรัพย์ต้องเป็นไปตามหลักเกณฑ์อย่างไร,0.0,0.0,0.0
การตอบข้อเสนอที่ลดราคาลง ถือว่าเป็นการตอบแบบไหน,0.0,0.0,0.0
คนต่างด้าวต้องถือหุ้นน้อยกว่าเท่าใดจึงจะสามารถประกอบธุรกิจตามบัญชีสองได้,0.0,0.0,0.0
ถึงแม้จะเป็นหนี้ที่ไม่มีกำหนดเวลาชำระ เจ้าหนี้ยังสามารถผิดนัดได้หรือไม่,0.0,0.0,0.0
คณะกรรมการกองทุนประกอบด้วยใครบ้าง,0.0,0.0,0.0
งบการเงินครอบคลุมรายงานประเภทใดบ้าง?,0.0,0.0,0.0
ผู้ชำระบัญชีสามารถเรียกให้ผู้เป็นหุ้นส่วนหรือผู้ถือหุ้นชำระเงินค่าหุ้นส่วนที่ยังค้างชำระอยู่ได้หรือไม่ ,0.0,0.0,0.0
กรณีที่เราแชร์ข่าวลือที่ไม่จริงทำให้เกิดความเสียหายแก่ผู้อื่น แต่เราสามารถพิสูจน์ได้ว่าเราไม่รู้ความจริง เราจะต้องรับผิดหรือไม่,0.0,0.0,0.0
ผลของการแก้ไขแผนพัฒนาเศรษฐกิจและสังคมแห่งชาติคืออะไร,0.0,0.0,0.0
เด็กอายุ 16 ปี สามารถทำสัญญาซื้อขายรถยนต์ได้หรือไม่?,0.0,0.0,0.0
บริษัทหลักทรัพย์จะได้รับแจ้งการเพิกถอนใบอนุญาตด้วยวิธีใด,0.0,0.0,0.0
เวลาที่เราส่งมอบหลักประกัน เราต้องเซ็นเอกสารอะไรบ้าง,0.0,0.0,0.0
กรณีที่คณะกรรมการ ป.ป.ช. ถูกดำเนินคดีแพ่ง แต่การถูกดำเนินคดีนั้นเกิดจากเหตุที่ตนปฏิบัติหน้าที่ บุคคลนั้นจะได้รับการช่วยเหลือจากสำนักงาน ป.ป.ช. อย่างไรบ้าง,0.0,0.0,0.0
ข้าราชการสำนักงาน ป.ป.ช. แบ่งออกเป็นกี่ประเภทตำแหน่ง,0.0,0.0,0.0
ขั้นตอนแรกที่ต้องทำในการแปลงสินทรัพย์เป็นหลักทรัพย์คืออะไร,0.0,0.0,0.0
ผู้มีสิทธิเก็บกินต้องรับผิดชอบค่าใช้จ่ายอะไรบ้าง,0.0,0.0,0.0
ผู้ใดมีหน้าที่กำหนดประเภทของหลักทรัพย์ที่จะออกเนื่องจากการแปลงสินทรัพย์เป็นหลักทรัพย์,0.0,0.0,0.0
หากทรัพย์สินที่ถูกยึดไว้เพื่อเป็นหลักประกันในการยึดหน่วง หากทรัพย์สินนั้นสูญหายไป สิทธิยึดหน่วงยังอยู่หรือไม่,0.0,0.0,0.0
คำวินิจฉัยของหน่วยงานใดคือคำวินิจฉัยสูงสุดตามพระราชบัญญัติหลักทรัพย์และตลาดหลักทรัพย์,0.0,0.0,0.0
การชำระเงินบางส่วนมีผลต่ออายุความอย่างไร,0.0,0.0,0.0
หากคณะกรรมการที่ได้รับเลือก เป็นข้าราชการ หรือหน่วยงานของรัฐ หรือดำรงตำแหน่ง หรือเป็นผู้ถือหุ้นในกิจการพลังงาน รวมถึงประกอบอาชีพที่มีส่วนได้เสียหรือมีผลประโยชน์ขัดแย้งไม่ว่าทางตรงหรือทางอ้อมนั้น จะต้องดำเนินการอย่างไรหลังจากได้รับเลือก,0.0,0.0,0.0
เมื่อมีการเปลี่ยนแปลงทรัสตี จำเป็นต้องมีการจดทะเบียนเปลี่ยนแปลงหรือไม่,0.0,0.0,0.0
การจัดทำรายงานผลการดำเนินงานตามแผนพัฒนารัฐวิสาหกิจมีระยะเวลาที่กำหนดไว้อย่างไร,0.0,0.0,0.0
ในการยื่นเอกสารต่ออธิบดี ตามพระราชบัญญัติภาษีเงินได้ปิโตรเลียม พ.ศ. 2514 ต้องยื่นเอกสารใดบ้าง,0.0,0.0,0.0
กรณีใดที่ผู้เยาว์สามารถทำนิติกรรมได้โดยไม่ต้องได้รับความยินยอมจากผู้แทนโดยชอบธรรม,0.0,0.0,0.0
นอกจากรัฐสภาแล้ว รายงานของ ป.ป.ช. จะเปิดเผยให้ใครรับทราบได้อีก,0.0,0.0,0.0
รัฐมนตรีว่าการกระทรวงพลังงานมีหน้าที่อะไรบ้าง,0.0,0.0,0.0
